,Baseline,Tuned
Accuracy,0.9814814814814815,0.9861111111111112
F1 Score,0.981651376146789,0.9861751152073732
Precision,0.9727272727272728,0.981651376146789
Recall,0.9907407407407407,0.9907407407407407
AUC-ROC,0.9951131687242798,0.9930126886145403
